FULL_ALLELE_NAME	DS4_subjects	gapped_sequence	ungapped_sequence	full_allele	bp_allele	pmDB	luo_allele	padded	unary
TRBV11-3*ap01_T312C	1	............................................................................................................................................................................................................................................................................................GCTTGGGGACTCGGCCGTGTATCTCTGCGCCAGCAGCTTAGA	GCTTGGGGACTCGGCCGTGTATCTCTGCGCCAGCAGCTTAGA					FALSE	FALSE
TRBV15*ap02_C296T	1	............................................................................................................................................................................................................................................................................................CCTGGGGGACGTAGCCATGTACCTGTGTGCCACCAGCAGAGA	CCTGGGGGACGTAGCCATGTACCTGTGTGCCACCAGCAGAGA					FALSE	FALSE
TRBV15*ap02_G290C	1	............................................................................................................................................................................................................................................................................................CCTGGCGGACGCAGCCATGTACCTGTGTGCCACCAGCAGAGA	CCTGGCGGACGCAGCCATGTACCTGTGTGCCACCAGCAGAGA					FALSE	FALSE
TRBV20-1*ap01_G314A	1	.........................................................................................................................................................................................................................................................................................CCATCCTGAAGACAGCAGCTTCTACATCTGCAATGCTAGAGA	CCATCCTGAAGACAGCAGCTTCTACATCTGCAATGCTAGAGA					FALSE	FALSE
TRBV20-1*ap02_T310G	1	.........................................................................................................................................................................................................................................................................................CCATCCTGAAGACAGCAGCTTCTACATCGGCAGTGCTAGT	CCATCCTGAAGACAGCAGCTTCTACATCGGCAGTGCTAGT					FALSE	TRUE
TRBV25-1*ap01_A293G	1	............................................................................................................................................................................................................................................................................................GCCCTCACGTACCTCTCAGTACCTCTGTGCCAGCAGTGAATA	GCCCTCACGTACCTCTCAGTACCTCTGTGCCAGCAGTGAATA			TRBV25-1_5		FALSE	FALSE
TRBV28*ap01_A297G	5	............................................................................................................................................................................................................................................................................................CACCAACCAGACGTCTATGTACCTCTGTGCCAGCAGTTTATG	CACCAACCAGACGTCTATGTACCTCTGTGCCAGCAGTTTATG					FALSE	FALSE
TRBV30*ap01_G298A	7	.........................................................................................................................................................................................................................................................................................CCTTCTCAGTGACTCTAGCTTCTATCTCTGTGCCTGGAGTGT	CCTTCTCAGTGACTCTAGCTTCTATCTCTGTGCCTGGAGTGT		TRBV30*bp01_G298A	TRBV30_8		FALSE	FALSE
TRBV4-3*ap01_A305C_T306C	1	............................................................................................................................................................................................................................................................................................GCCAGAAGACTCGGCCCTGTCCCTCTGCGCCAGCAGCCAAGA	GCCAGAAGACTCGGCCCTGTCCCTCTGCGCCAGCAGCCAAGA					FALSE	TRUE
TRBV4-3*ap01_A305C_T306C_T308C	3	............................................................................................................................................................................................................................................................................................GCCAGAAGACTCGGCCCTGTCCCCCTGCGCCAGCAGCCAAGA	GCCAGAAGACTCGGCCCTGTCCCCCTGCGCCAGCAGCCAAGA					TRUE	FALSE
TRBV4-3*ap01_G311C_G313C	1	............................................................................................................................................................................................................................................................................................GCCAGAAGACTCGGCCCTGTATCTCTCCCCCAGCAGCCAAGA	GCCAGAAGACTCGGCCCTGTATCTCTCCCCCAGCAGCCAAGA					TRUE	FALSE
TRBV4-3*ap01_T308C_G311C	1	............................................................................................................................................................................................................................................................................................GCCAGAAGACTCGGCCCTGTATCCCTCCGCCAGCAGCCAAGA	GCCAGAAGACTCGGCCCTGTATCCCTCCGCCAGCAGCCAAGA					FALSE	TRUE
TRBV4-3*ap01_T308C_T310C_G311C	3	............................................................................................................................................................................................................................................................................................GCCAGAAGACTCGGCCCTGTATCCCCCCGCCAGCAGCCAAGA	GCCAGAAGACTCGGCCCTGTATCCCCCCGCCAGCAGCCAAGA					TRUE	FALSE
TRBV6-8*ap01_A293G	8	............................................................................................................................................................................................................................................................................................TCCCTCCCGGACATCTGTGTACTTGTGTGCCAGCAGTTACTC	TCCCTCCCGGACATCTGTGTACTTGTGTGCCAGCAGTTACTC				TRBV6-8*01_ag250	FALSE	FALSE
TRBV7-3*ap01_G292T	12	............................................................................................................................................................................................................................................................................................GCGGGGGTACTCAGCCGTGTATCTCTGTGCCAGCAGCTTAAC	GCGGGGGTACTCAGCCGTGTATCTCTGTGCCAGCAGCTTAAC			TRBV7-3_4	TRBV7-3*01_gt255	FALSE	FALSE
TRBV7-3*ap01_G301A	10	............................................................................................................................................................................................................................................................................................GCGGGGGGACTCAGCCATGTATCTCTGTGCCAGCAGCTTAAC	GCGGGGGGACTCAGCCATGTATCTCTGTGCCAGCAGCTTAAC	TRBV7-3*01_G301A		TRBV7-3_5		FALSE	FALSE
TRBV7-4*ap01_G291C_A297G	461	............................................................................................................................................................................................................................................................................................GCAGGGCGACTCGGCTGTGTATCTCTGTGCCAGCAGCTTAGC	GCAGGGCGACTCGGCTGTGTATCTCTGTGCCAGCAGCTTAGC					FALSE	TRUE
TRBV7-4*ap01_G291C_A297G_C314T	285	............................................................................................................................................................................................................................................................................................GCAGGGCGACTCGGCTGTGTATCTCTGTGTCAGCAGCTTAGC	GCAGGGCGACTCGGCTGTGTATCTCTGTGTCAGCAGCTTAGC					FALSE	TRUE
TRBV7-6*ap01_C314G	1	............................................................................................................................................................................................................................................................................................GCAGCGGGACTCGGCCATGTATCGCTGTGGCAGCAGCTTAGC	GCAGCGGGACTCGGCCATGTATCGCTGTGGCAGCAGCTTAGC					FALSE	TRUE
TRBV7-7*ap01_C307A_C315T	1	............................................................................................................................................................................................................................................................................................GCAGCGGGACTCAGCCATGTATAGCTGTGCTAGCAGCTTAGC	GCAGCGGGACTCAGCCATGTATAGCTGTGCTAGCAGCTTAGC					FALSE	FALSE
TRBV7-7*ap01_C307T_C315T	1	............................................................................................................................................................................................................................................................................................GCAGCGGGACTCAGCCATGTATTGCTGTGCTAGCAGCTTAGC	GCAGCGGGACTCAGCCATGTATTGCTGTGCTAGCAGCTTAGC					FALSE	FALSE
TRBV7-7*ap01_C315T	608	............................................................................................................................................................................................................................................................................................GCAGCGGGACTCAGCCATGTATCGCTGTGCTAGCAGCTTAGC	GCAGCGGGACTCAGCCATGTATCGCTGTGCTAGCAGCTTAGC	TRBV7-7*01_C315T	TRBV7-7*bp01_C315T	TRBV7-7_2		FALSE	FALSE
TRBV7-8*ap01_T295C	3	............................................................................................................................................................................................................................................................................................GCAGGAGGACCCCGCCGTGTATCTCTGTGCCAGCAGCTTAGC	GCAGGAGGACCCCGCCGTGTATCTCTGTGCCAGCAGCTTAGC				TRBV7-8*01_tc258	TRUE	TRUE
TRBV7-9*ap01_G313T	205	............................................................................................................................................................................................................................................................................................GCAGGGGGACTCGGCCATGTATCTCTGTTCCAGCAGCTTAGC	GCAGGGGGACTCGGCCATGTATCTCTGTTCCAGCAGCTTAGC					FALSE	TRUE
