FULL_ALLELE_NAME	DS3_subjects	gapped_sequence	ungapped_sequence	full_allele	pmDB	luo_allele	padded	unary
TRBV15*bp02_A316C	1	....................................................................................................................................AAGTCAAGTCAGGCCCCAAAGCTGCTGTTCCACTACTATGAC............AAAGATTTTAACAATGAAGCAGACACCCCT...GATAACTTCCAATCCAGGAGGCCG...AACACTTCTTTCTGCTTTCTTGACATCCGCTCACCAGGCCTGGGGGACGCAGCCATGTACCTGTGTGCCCCCAGCAGAGA	AAGTCAAGTCAGGCCCCAAAGCTGCTGTTCCACTACTATGACAAAGATTTTAACAATGAAGCAGACACCCCTGATAACTTCCAATCCAGGAGGCCGAACACTTCTTTCTGCTTTCTTGACATCCGCTCACCAGGCCTGGGGGACGCAGCCATGTACCTGTGTGCCCCCAGCAGAGA				TRUE	TRUE
TRBV15*bp02_C147A	1	....................................................................................................................................AAGTCAAGTCAGGCACCAAAGCTGCTGTTCCACTACTATGAC............AAAGATTTTAACAATGAAGCAGACACCCCT...GATAACTTCCAATCCAGGAGGCCG...AACACTTCTTTCTGCTTTCTTGACATCCGCTCACCAGGCCTGGGGGACGCAGCCATGTACCTGTGTGCCACCAGCAGAGA	AAGTCAAGTCAGGCACCAAAGCTGCTGTTCCACTACTATGACAAAGATTTTAACAATGAAGCAGACACCCCTGATAACTTCCAATCCAGGAGGCCGAACACTTCTTTCTGCTTTCTTGACATCCGCTCACCAGGCCTGGGGGACGCAGCCATGTACCTGTGTGCCACCAGCAGAGA				FALSE	FALSE
TRBV15*bp02_G153T	1	....................................................................................................................................AAGTCAAGTCAGGCCCCAAATCTGCTGTTCCACTACTATGAC............AAAGATTTTAACAATGAAGCAGACACCCCT...GATAACTTCCAATCCAGGAGGCCG...AACACTTCTTTCTGCTTTCTTGACATCCGCTCACCAGGCCTGGGGGACGCAGCCATGTACCTGTGTGCCACCAGCAGAGA	AAGTCAAGTCAGGCCCCAAATCTGCTGTTCCACTACTATGACAAAGATTTTAACAATGAAGCAGACACCCCTGATAACTTCCAATCCAGGAGGCCGAACACTTCTTTCTGCTTTCTTGACATCCGCTCACCAGGCCTGGGGGACGCAGCCATGTACCTGTGTGCCACCAGCAGAGA				FALSE	TRUE
TRBV15*bp02_G275A	1	....................................................................................................................................AAGTCAAGTCAGGCCCCAAAGCTGCTGTTCCACTACTATGAC............AAAGATTTTAACAATGAAGCAGACACCCCT...GATAACTTCCAATCCAGGAGGCCG...AACACTTCTTTCTGCTTTCTTGACATCCACTCACCAGGCCTGGGGGACGCAGCCATGTACCTGTGTGCCACCAGCAGAGA	AAGTCAAGTCAGGCCCCAAAGCTGCTGTTCCACTACTATGACAAAGATTTTAACAATGAAGCAGACACCCCTGATAACTTCCAATCCAGGAGGCCGAACACTTCTTTCTGCTTTCTTGACATCCACTCACCAGGCCTGGGGGACGCAGCCATGTACCTGTGTGCCACCAGCAGAGA	TRBV15*02_G275A			FALSE	FALSE
TRBV19*bp01_C293T_G294A	1	......................................................................................................................................CCCAGGGCAAGGGCTGAGATTGATCTACTACTCACAGATA............GTAAATGACTTTCAGAAAGGAGATATAGCT...GAAGGGTACAGCGTCTCTCGGGAG...AAGAAGGAATCCTTTCCTCTCACTGTGACATCGGCCCAAAAGAACCTAACAGCTTTCTATCTCTGTGCCAGTAGTATAGA	CCCAGGGCAAGGGCTGAGATTGATCTACTACTCACAGATAGTAAATGACTTTCAGAAAGGAGATATAGCTGAAGGGTACAGCGTCTCTCGGGAGAAGAAGGAATCCTTTCCTCTCACTGTGACATCGGCCCAAAAGAACCTAACAGCTTTCTATCTCTGTGCCAGTAGTATAGA				FALSE	FALSE
TRBV19*bp01_T310C_G311C_C314T	1	......................................................................................................................................CCCAGGGCAAGGGCTGAGATTGATCTACTACTCACAGATA............GTAAATGACTTTCAGAAAGGAGATATAGCT...GAAGGGTACAGCGTCTCTCGGGAG...AAGAAGGAATCCTTTCCTCTCACTGTGACATCGGCCCAAAAGAACCCGACAGCTTTCTATCTCCCTGTCAGTAGTATAGA	CCCAGGGCAAGGGCTGAGATTGATCTACTACTCACAGATAGTAAATGACTTTCAGAAAGGAGATATAGCTGAAGGGTACAGCGTCTCTCGGGAGAAGAAGGAATCCTTTCCTCTCACTGTGACATCGGCCCAAAAGAACCCGACAGCTTTCTATCTCCCTGTCAGTAGTATAGA				FALSE	TRUE
TRBV29-1*bp01_A280C	1	.......................................................................................................................................CCTGGACAGAGCCTGACACTGATCGCAACTGCAAATCAGGGC.........TCTGAGGCCACATATGAGAGTGGATTTGTCATTGACAAGTTTCCCATCAGCCGCCCA...AACCTAACATTCTCAACTCTGACTGTGAGCAACCTGAGCCCTGAAGACAGCAGCATATATCTCTGCAGCGTTGAAGA	CCTGGACAGAGCCTGACACTGATCGCAACTGCAAATCAGGGCTCTGAGGCCACATATGAGAGTGGATTTGTCATTGACAAGTTTCCCATCAGCCGCCCAAACCTAACATTCTCAACTCTGACTGTGAGCAACCTGAGCCCTGAAGACAGCAGCATATATCTCTGCAGCGTTGAAGA	TRBV29-1*01_A280C	TRBV29-1_2	TRBV29-1*01_ac246	FALSE	FALSE
TRBV29-1*bp01_G208A	1	.......................................................................................................................................CCTGGACAGAGCCTGACACTGATCGCAACTGCAAATCAGGGC.........TCTGAGGCCACATATGAGAGTAGATTTGTCATTGACAAGTTTCCCATCAGCCGCCCA...AACCTAACATTCTCAACTCTGACTGTGAGCAACATGAGCCCTGAAGACAGCAGCATATATCTCTGCAGCGTTGAAGA	CCTGGACAGAGCCTGACACTGATCGCAACTGCAAATCAGGGCTCTGAGGCCACATATGAGAGTAGATTTGTCATTGACAAGTTTCCCATCAGCCGCCCAAACCTAACATTCTCAACTCTGACTGTGAGCAACATGAGCCCTGAAGACAGCAGCATATATCTCTGCAGCGTTGAAGA				FALSE	FALSE
TRBV29-1*bp01_G314C_G316C	1	.......................................................................................................................................CCTGGACAGAGCCTGACACTGATCGCAACTGCAAATCAGGGC.........TCTGAGGCCACATATGAGAGTGGATTTGTCATTGACAAGTTTCCCATCAGCCGCCCA...AACCTAACATTCTCAACTCTGACTGTGAGCAACATGAGCCCTGAAGACAGCAGCATATATCTCTGCACCCTTGAAGA	CCTGGACAGAGCCTGACACTGATCGCAACTGCAAATCAGGGCTCTGAGGCCACATATGAGAGTGGATTTGTCATTGACAAGTTTCCCATCAGCCGCCCAAACCTAACATTCTCAACTCTGACTGTGAGCAACATGAGCCCTGAAGACAGCAGCATATATCTCTGCACCCTTGAAGA				FALSE	FALSE
TRBV29-1*bp03_C315T	1	.......................................................................................................................................CCTGGACAGAGCCTGACACTGATCGCAACTGCAAATCAGGGC.........TCTGAGGCCACATATGAGAGTGGATTTGTCATTGACAAGTTTCCCATCAGCCGCCCA...AACCTAACATTCTCAACTCTGACTGTGAGCAACATGAGCCCTGAAGACAGCAGCATATATCTCTGCAGTGCGGGC	CCTGGACAGAGCCTGACACTGATCGCAACTGCAAATCAGGGCTCTGAGGCCACATATGAGAGTGGATTTGTCATTGACAAGTTTCCCATCAGCCGCCCAAACCTAACATTCTCAACTCTGACTGTGAGCAACATGAGCCCTGAAGACAGCAGCATATATCTCTGCAGTGCGGGC				FALSE	TRUE
TRBV30*bp01_C168A	1	....................................................................................................................................GCTGCAGGCAGGGGCCTCCAGCTGCTCTTCTACTCAGTTGGT...............ATTGGCCAGATCAGCTCTGAGGTGCCC...CAGAATCTCTCAGCCTCCAGACCC...CAGGACCGGCAGTTCATCCTGAGTTCTAAGAAGCTCCTTCTCAGTGACTCTGGCTTCTATCTCTGTGCCTGGAGTGT	GCTGCAGGCAGGGGCCTCCAGCTGCTCTTCTACTCAGTTGGTATTGGCCAGATCAGCTCTGAGGTGCCCCAGAATCTCTCAGCCTCCAGACCCCAGGACCGGCAGTTCATCCTGAGTTCTAAGAAGCTCCTTCTCAGTGACTCTGGCTTCTATCTCTGTGCCTGGAGTGT				FALSE	TRUE
TRBV30*bp01_C253T	1	....................................................................................................................................GCTGCAGGCAGGGGCCTCCAGCTGCTCTTCTACTCCGTTGGT...............ATTGGCCAGATCAGCTCTGAGGTGCCC...CAGAATCTCTCAGCCTCCAGACCC...CAGGACTGGCAGTTCATCCTGAGTTCTAAGAAGCTCCTTCTCAGTGACTCTGGCTTCTATCTCTGTGCCTGGAGTGT	GCTGCAGGCAGGGGCCTCCAGCTGCTCTTCTACTCCGTTGGTATTGGCCAGATCAGCTCTGAGGTGCCCCAGAATCTCTCAGCCTCCAGACCCCAGGACTGGCAGTTCATCCTGAGTTCTAAGAAGCTCCTTCTCAGTGACTCTGGCTTCTATCTCTGTGCCTGGAGTGT				FALSE	FALSE
TRBV30*bp01_G169A	1	....................................................................................................................................GCTGCAGGCAGGGGCCTCCAGCTGCTCTTCTACTCCATTGGT...............ATTGGCCAGATCAGCTCTGAGGTGCCC...CAGAATCTCTCAGCCTCCAGACCC...CAGGACCGGCAGTTCATCCTGAGTTCTAAGAAGCTCCTTCTCAGTGACTCTGGCTTCTATCTCTGTGCCTGGAGTGT	GCTGCAGGCAGGGGCCTCCAGCTGCTCTTCTACTCCATTGGTATTGGCCAGATCAGCTCTGAGGTGCCCCAGAATCTCTCAGCCTCCAGACCCCAGGACCGGCAGTTCATCCTGAGTTCTAAGAAGCTCCTTCTCAGTGACTCTGGCTTCTATCTCTGTGCCTGGAGTGT				FALSE	TRUE
TRBV30*bp01_G298A	1	....................................................................................................................................GCTGCAGGCAGGGGCCTCCAGCTGCTCTTCTACTCCGTTGGT...............ATTGGCCAGATCAGCTCTGAGGTGCCC...CAGAATCTCTCAGCCTCCAGACCC...CAGGACCGGCAGTTCATCCTGAGTTCTAAGAAGCTCCTTCTCAGTGACTCTAGCTTCTATCTCTGTGCCTGGAGTGT	GCTGCAGGCAGGGGCCTCCAGCTGCTCTTCTACTCCGTTGGTATTGGCCAGATCAGCTCTGAGGTGCCCCAGAATCTCTCAGCCTCCAGACCCCAGGACCGGCAGTTCATCCTGAGTTCTAAGAAGCTCCTTCTCAGTGACTCTAGCTTCTATCTCTGTGCCTGGAGTGT		TRBV30_8		FALSE	FALSE
TRBV30*bp01_T316G	1	....................................................................................................................................GCTGCAGGCAGGGGCCTCCAGCTGCTCTTCTACTCCGTTGGT...............ATTGGCCAGATCAGCTCTGAGGTGCCC...CAGAATCTCTCAGCCTCCAGACCC...CAGGACCGGCAGTTCATCCTGAGTTCTAAGAAGCTCCTTCTCAGTGACTCTGGCTTCTATCTCTGTGCCGGGAGTGT	GCTGCAGGCAGGGGCCTCCAGCTGCTCTTCTACTCCGTTGGTATTGGCCAGATCAGCTCTGAGGTGCCCCAGAATCTCTCAGCCTCCAGACCCCAGGACCGGCAGTTCATCCTGAGTTCTAAGAAGCTCCTTCTCAGTGACTCTGGCTTCTATCTCTGTGCCGGGAGTGT				FALSE	TRUE
TRBV30*bp02_C237T	1	....................................................................................................................................GCTGCAGGCAGGGGCCTCCAGCTGCTCTTCTACTCCGTTGGT...............ATTGGCCAGATCAGCTCTGAGGTGCCC...CAGAATCTCTCAGCCTCTAGACCC...CAGGACCGGCAGTTCATCCTGAGTTCTAAGAAGCTCCTCCTCAGTGACTCTGGCTTCTATCTCTGTGCCTGGAGTGT	GCTGCAGGCAGGGGCCTCCAGCTGCTCTTCTACTCCGTTGGTATTGGCCAGATCAGCTCTGAGGTGCCCCAGAATCTCTCAGCCTCTAGACCCCAGGACCGGCAGTTCATCCTGAGTTCTAAGAAGCTCCTCCTCAGTGACTCTGGCTTCTATCTCTGTGCCTGGAGTGT				FALSE	FALSE
TRBV5-4*bp01_C159T	1	.....................................................................................................................................CCCTGGGTCAGGGGCCCCAGTTTATTTTTCAGTATTATAGG............GAGGAAGAGAATGGCAGAGGAAACTTCCCT...CCTAGATTCTCAGGTCTCCAGTTC...CCTAATTATAGCTCTGAGCTGAATGTGAACGCCTTGGAGCTGGACGACTCGGCCCTGTATCTCTGTGCCAGCAGCTTGG	CCCTGGGTCAGGGGCCCCAGTTTATTTTTCAGTATTATAGGGAGGAAGAGAATGGCAGAGGAAACTTCCCTCCTAGATTCTCAGGTCTCCAGTTCCCTAATTATAGCTCTGAGCTGAATGTGAACGCCTTGGAGCTGGACGACTCGGCCCTGTATCTCTGTGCCAGCAGCTTGG		TRBV5-4_3		TRUE	FALSE
TRBV5-4*bp01_G205A	1	.....................................................................................................................................CCCTGGGTCAGGGGCCCCAGTTTATCTTTCAGTATTATAGG............GAGGAAGAGAATGGCAGAAGAAACTTCCCT...CCTAGATTCTCAGGTCTCCAGTTC...CCTAATTATAGCTCTGAGCTGAATGTGAACGCCTTGGAGCTGGACGACTCGGCCCTGTATCTCTGTGCCAGCAGCTTGG	CCCTGGGTCAGGGGCCCCAGTTTATCTTTCAGTATTATAGGGAGGAAGAGAATGGCAGAAGAAACTTCCCTCCTAGATTCTCAGGTCTCCAGTTCCCTAATTATAGCTCTGAGCTGAATGTGAACGCCTTGGAGCTGGACGACTCGGCCCTGTATCTCTGTGCCAGCAGCTTGG				FALSE	TRUE
TRBV5-5*bp01_A209T_G303C	1	.....................................................................................................................................TCCTGGGTCAGGGGCCCCAGTTTATCTTTCAGTATTATGAG............AAAGAAGAGAGAGGAAGAGGAATCTTCCCT...GATCGATTCTCAGCTCGCCAGTTC...CCTAACTATAGCTCTGAGCTGAATGTGAACGCCTTGTTGCTGGGGGACTCGGCCCTCTATCTCTGTGCCAGCAGCTTGG	TCCTGGGTCAGGGGCCCCAGTTTATCTTTCAGTATTATGAGAAAGAAGAGAGAGGAAGAGGAATCTTCCCTGATCGATTCTCAGCTCGCCAGTTCCCTAACTATAGCTCTGAGCTGAATGTGAACGCCTTGTTGCTGGGGGACTCGGCCCTCTATCTCTGTGCCAGCAGCTTGG				FALSE	TRUE
TRBV5-5*bp01_G232A	1	.....................................................................................................................................TCCTGGGTCAGGGGCCCCAGTTTATCTTTCAGTATTATGAG............AAAGAAGAGAGAGGAAGAGGAAACTTCCCT...GATCGATTCTCAACTCGCCAGTTC...CCTAACTATAGCTCTGAGCTGAATGTGAACGCCTTGTTGCTGGGGGACTCGGCCCTGTATCTCTGTGCCAGCAGCTTGG	TCCTGGGTCAGGGGCCCCAGTTTATCTTTCAGTATTATGAGAAAGAAGAGAGAGGAAGAGGAAACTTCCCTGATCGATTCTCAACTCGCCAGTTCCCTAACTATAGCTCTGAGCTGAATGTGAACGCCTTGTTGCTGGGGGACTCGGCCCTGTATCTCTGTGCCAGCAGCTTGG				FALSE	TRUE
TRBV5-5*bp01_T284G_G303C	3	.....................................................................................................................................TCCTGGGTCAGGGGCCCCAGTTTATCTTTCAGTATTATGAG............AAAGAAGAGAGAGGAAGAGGAAACTTCCCT...GATCGATTCTCAGCTCGCCAGTTC...CCTAACTATAGCTCTGAGCTGAATGTGAACGCCTTGTGGCTGGGGGACTCGGCCCTCTATCTCTGTGCCAGCAGCTTGG	TCCTGGGTCAGGGGCCCCAGTTTATCTTTCAGTATTATGAGAAAGAAGAGAGAGGAAGAGGAAACTTCCCTGATCGATTCTCAGCTCGCCAGTTCCCTAACTATAGCTCTGAGCTGAATGTGAACGCCTTGTGGCTGGGGGACTCGGCCCTCTATCTCTGTGCCAGCAGCTTGG				FALSE	FALSE
TRBV5-8*bp01_C276T	39	.....................................................................................................................................CCCTGGGTCTGGGCCTCCAGTTCCTCCTTTGGTATGACGAG............GGTGAAGAGAGAAACAGAGGAAACTTCCCT...CCTAGATTTTCAGGTCGCCAGTTC...CCTAATTATAGCTCTGAGCTGAATGTGAATGCCTTGGAGCTGGAGGACTCGGCCCTGTATCTCTGTGCCAGCAGCTTGG	CCCTGGGTCTGGGCCTCCAGTTCCTCCTTTGGTATGACGAGGGTGAAGAGAGAAACAGAGGAAACTTCCCTCCTAGATTTTCAGGTCGCCAGTTCCCTAATTATAGCTCTGAGCTGAATGTGAATGCCTTGGAGCTGGAGGACTCGGCCCTGTATCTCTGTGCCAGCAGCTTGG	TRBV5-8*01_C56T_C276T		TRBV5-8*01_ct236	FALSE	FALSE
TRBV6-4*bp01_C269G	1	......................................................................................................................................TCTAGGACTGGGGCTAAGGCTCATCCATTATTCAAATACT............GCAGGTACCACTGGCAAAGGAGAAGTCCCT...GATGGTTATAGTGTCTCCAGAGCA...AACACAGATGATTTCCCCCTCAGGTTGGCGTCTGCTGTACCCTCTCAGACATCTGTGTACTTCTGTGCCAGCAGTGACTC	TCTAGGACTGGGGCTAAGGCTCATCCATTATTCAAATACTGCAGGTACCACTGGCAAAGGAGAAGTCCCTGATGGTTATAGTGTCTCCAGAGCAAACACAGATGATTTCCCCCTCAGGTTGGCGTCTGCTGTACCCTCTCAGACATCTGTGTACTTCTGTGCCAGCAGTGACTC				FALSE	FALSE
TRBV6-6*bp03_G216C	1	........................................................................................................................................CAGGCATGGGGCTGAAGCTGATTTATTATTCAGTTGGT............GCTGGTATCACTGATAAAGGAGAAGTCCCC...AATGGCTACAATGTCTCCAGATCA...ACCACAGAGGATTTCCCGCTCAGGCTGGAGTTGGCTGCTCCCTCCCAGACATCTGTGTACTTCTGTGCCAGCAGTCGA	CAGGCATGGGGCTGAAGCTGATTTATTATTCAGTTGGTGCTGGTATCACTGATAAAGGAGAAGTCCCCAATGGCTACAATGTCTCCAGATCAACCACAGAGGATTTCCCGCTCAGGCTGGAGTTGGCTGCTCCCTCCCAGACATCTGTGTACTTCTGTGCCAGCAGTCGA				TRUE	TRUE
TRBV6-6*bp03_T201C_A202C_G216C	1	........................................................................................................................................CAGGCATGGGGCTGAAGCTGATTTATTATTCAGTTGGT............GCTGGTATCACTGACCAAGGAGAAGTCCCC...AATGGCTACAATGTCTCCAGATCA...ACCACAGAGGATTTCCCGCTCAGGCTGGAGTTGGCTGCTCCCTCCCAGACATCTGTGTACTTCTGTGCCAGCAGTCGA	CAGGCATGGGGCTGAAGCTGATTTATTATTCAGTTGGTGCTGGTATCACTGACCAAGGAGAAGTCCCCAATGGCTACAATGTCTCCAGATCAACCACAGAGGATTTCCCGCTCAGGCTGGAGTTGGCTGCTCCCTCCCAGACATCTGTGTACTTCTGTGCCAGCAGTCGA				TRUE	TRUE
TRBV6-6*bp03_T231C_C261T	1	........................................................................................................................................CAGGCATGGGGCTGAAGCTGATTTATTATTCAGTTGGT............GCTGGTATCACTGATAAAGGAGAAGTCCCG...AATGGCTACAACGTCTCCAGATCA...ACCACAGAGGATTTTCCGCTCAGGCTGGAGTTGGCTGCTCCCTCCCAGACATCTGTGTACTTCTGTGCCAGCAGTCGA	CAGGCATGGGGCTGAAGCTGATTTATTATTCAGTTGGTGCTGGTATCACTGATAAAGGAGAAGTCCCGAATGGCTACAACGTCTCCAGATCAACCACAGAGGATTTTCCGCTCAGGCTGGAGTTGGCTGCTCCCTCCCAGACATCTGTGTACTTCTGTGCCAGCAGTCGA				TRUE	FALSE
TRBV7-9*bp01_T312C	1	....................................................................................................................................ACCCTGGGGCAGGGCCCAGAGTTTCTGACTTACTTCCAGAAT............GAAGCTCAACTAGAAAAATCAAGGCTGCTCAGTGATCGGTTCTCTGCAGAGAGGCCT...AAGGGATCTTTCTCCACCTTGGAGATCCAGCGCACAGAGCAGGGGGACTCGGCCATGTATCTCTGCGCCAGCAGCTTAGC	ACCCTGGGGCAGGGCCCAGAGTTTCTGACTTACTTCCAGAATGAAGCTCAACTAGAAAAATCAAGGCTGCTCAGTGATCGGTTCTCTGCAGAGAGGCCTAAGGGATCTTTCTCCACCTTGGAGATCCAGCGCACAGAGCAGGGGGACTCGGCCATGTATCTCTGCGCCAGCAGCTTAGC				FALSE	FALSE
