FULL_ALLELE_NAME	DS1_subjects	DS2_subjects	gapped_sequence	ungapped_sequence	pmDB	luo_allele	padded	unary
TRBV10-1*02_G274T	3	1	GATGCTGAAATCACCCAGAGCCCAAGACACAAGATCACAGAGACAGGAAGGCAGGTGACCTTGGCGTGTCACCAGACTTGGAACCAC.....................AACAATATGTTCTGGTATCGACAAGACCTGGGACATGGGCTGAGGCTGATCCATTACTCATATGGT............GTTCACGACACTAACAAAGGAGAAGTCTCA...GATGGCTACAGTGTCTCTAGATCA...AACACAGAGGACCTCCCCCTCACTCTGTAGTCTGCTGCCTCCTCCCAGACATCTGTATATTTCTGCGCCAGCAGTGAGTC	GATGCTGAAATCACCCAGAGCCCAAGACACAAGATCACAGAGACAGGAAGGCAGGTGACCTTGGCGTGTCACCAGACTTGGAACCACAACAATATGTTCTGGTATCGACAAGACCTGGGACATGGGCTGAGGCTGATCCATTACTCATATGGTGTTCACGACACTAACAAAGGAGAAGTCTCAGATGGCTACAGTGTCTCTAGATCAAACACAGAGGACCTCCCCCTCACTCTGTAGTCTGCTGCCTCCTCCCAGACATCTGTATATTTCTGCGCCAGCAGTGAGTC		TRBV10-1*02_gt234	FALSE	FALSE
TRBV10-2*01_C214T	0	3	GATGCTGGAATCACCCAGAGCCCAAGATACAAGATCACAGAGACAGGAAGGCAGGTGACCTTGATGTGTCACCAGACTTGGAGCCAC.....................AGCTATATGTTCTGGTATCGACAAGACCTGGGACATGGGCTGAGGCTGATCTATTACTCAGCAGCT............GCTGATATTACAGATAAAGGAGAAGTCTCC...GATGGCTATGTTGTCTCCAGATCC...AAGACAGAGAATTTCCCCCTCACTCTGGAGTCAGCTACCCGCTCCCAGACATCTGTGTATTTCTGCGCCAGCAGTGAGTC	GATGCTGGAATCACCCAGAGCCCAAGATACAAGATCACAGAGACAGGAAGGCAGGTGACCTTGATGTGTCACCAGACTTGGAGCCACAGCTATATGTTCTGGTATCGACAAGACCTGGGACATGGGCTGAGGCTGATCTATTACTCAGCAGCTGCTGATATTACAGATAAAGGAGAAGTCTCCGATGGCTATGTTGTCTCCAGATCCAAGACAGAGAATTTCCCCCTCACTCTGGAGTCAGCTACCCGCTCCCAGACATCTGTGTATTTCTGCGCCAGCAGTGAGTC	TRBV10-2_3		FALSE	FALSE
TRBV10-3*02_C225G	1	0	GATGCTGGAATCACCCAGAGCCCAAGACACAAGGTCACAGAGACAGGAACACCAGTGACTCTGAGATGTCATCAGACTGAGAACCAC.....................CGCTATATGTACTGGTATCGACAAGACCCGGGGCATGGGCTGAGGCTGATCCATTACTCATATGGT............GTTAAAGATACTGACAAAGGAGAAGTCTCA...GATGGGTATAGTGTCTCTAGATCA...AAGACAGAGGATTTCCTCCTCACTCTGGAGTCCGCTACCAGCTCCCAGACATCTGTGTACTTCTGTGCCATCAGTGAGTC	GATGCTGGAATCACCCAGAGCCCAAGACACAAGGTCACAGAGACAGGAACACCAGTGACTCTGAGATGTCATCAGACTGAGAACCACCGCTATATGTACTGGTATCGACAAGACCCGGGGCATGGGCTGAGGCTGATCCATTACTCATATGGTGTTAAAGATACTGACAAAGGAGAAGTCTCAGATGGGTATAGTGTCTCTAGATCAAAGACAGAGGATTTCCTCCTCACTCTGGAGTCCGCTACCAGCTCCCAGACATCTGTGTACTTCTGTGCCATCAGTGAGTC			FALSE	TRUE
TRBV12-4*01_C87T	9	10	GATGCTGGAGTTATCCAGTCACCCCGGCACGAGGTGACAGAGATGGGACAAGAAGTGACTCTGAGATGTAAACCAATTTCAGGACAT.....................GACTACCTTTTCTGGTACAGACAGACCATGATGCGGGGACTGGAGTTGCTCATTTACTTTAACAAC............AACGTTCCGATAGATGATTCAGGGATGCCCGAGGATCGATTCTCAGCTAAGATGCCT...AATGCATCATTCTCCACTCTGAAGATCCAGCCCTCAGAACCCAGGGACTCAGCTGTGTACTTCTGTGCCAGCAGTTTAGC	GATGCTGGAGTTATCCAGTCACCCCGGCACGAGGTGACAGAGATGGGACAAGAAGTGACTCTGAGATGTAAACCAATTTCAGGACATGACTACCTTTTCTGGTACAGACAGACCATGATGCGGGGACTGGAGTTGCTCATTTACTTTAACAACAACGTTCCGATAGATGATTCAGGGATGCCCGAGGATCGATTCTCAGCTAAGATGCCTAATGCATCATTCTCCACTCTGAAGATCCAGCCCTCAGAACCCAGGGACTCAGCTGTGTACTTCTGTGCCAGCAGTTTAGC	TRBV12-4_3		FALSE	FALSE
TRBV12-5*01_C28G	17	9	GATGCTAGAGTCACCCAGACACCAAGGGACAAGGTGACAGAGATGGGACAAGAAGTAACAATGAGATGTCAGCCAATTTTAGGCCAC.....................AATACTGTTTTCTGGTACAGACAGACCATGATGCAAGGACTGGAGTTGCTGGCTTACTTCCGCAAC............CGGGCTCCTCTAGATGATTCGGGGATGCCGAAGGATCGATTCTCAGCAGAGATGCCT...GATGCAACTTTAGCCACTCTGAAGATCCAGCCCTCAGAACCCAGGGACTCAGCTGTGTATTTTTGTGCTAGTGGTTTGGT	GATGCTAGAGTCACCCAGACACCAAGGGACAAGGTGACAGAGATGGGACAAGAAGTAACAATGAGATGTCAGCCAATTTTAGGCCACAATACTGTTTTCTGGTACAGACAGACCATGATGCAAGGACTGGAGTTGCTGGCTTACTTCCGCAACCGGGCTCCTCTAGATGATTCGGGGATGCCGAAGGATCGATTCTCAGCAGAGATGCCTGATGCAACTTTAGCCACTCTGAAGATCCAGCCCTCAGAACCCAGGGACTCAGCTGTGTATTTTTGTGCTAGTGGTTTGGT		TRBV12-5*01_cg27	FALSE	FALSE
TRBV12-5*01_C28G_T140A	3	1	GATGCTAGAGTCACCCAGACACCAAGGGACAAGGTGACAGAGATGGGACAAGAAGTAACAATGAGATGTCAGCCAATTTTAGGCCAC.....................AATACTGTTTTCTGGTACAGACAGACCATGAAGCAAGGACTGGAGTTGCTGGCTTACTTCCGCAAC............CGGGCTCCTCTAGATGATTCGGGGATGCCGAAGGATCGATTCTCAGCAGAGATGCCT...GATGCAACTTTAGCCACTCTGAAGATCCAGCCCTCAGAACCCAGGGACTCAGCTGTGTATTTTTGTGCTAGTGGTTTGGT	GATGCTAGAGTCACCCAGACACCAAGGGACAAGGTGACAGAGATGGGACAAGAAGTAACAATGAGATGTCAGCCAATTTTAGGCCACAATACTGTTTTCTGGTACAGACAGACCATGAAGCAAGGACTGGAGTTGCTGGCTTACTTCCGCAACCGGGCTCCTCTAGATGATTCGGGGATGCCGAAGGATCGATTCTCAGCAGAGATGCCTGATGCAACTTTAGCCACTCTGAAGATCCAGCCCTCAGAACCCAGGGACTCAGCTGTGTATTTTTGTGCTAGTGGTTTGGT			FALSE	FALSE
TRBV13*01_A170T	3	0	GCTGCTGGAGTCATCCAGTCCCCAAGACATCTGATCAAAGAAAAGAGGGAAACAGCCACTCTGAAATGCTATCCTATCCCTAGACAC.....................GACACTGTCTACTGGTACCAGCAGGGTCCAGGTCAGGACCCCCAGTTCCTCATTTCGTTTTTTGAA............AAGATGCAGAGCGATAAAGGAAGCATCCCT...GATCGATTCTCAGCTCAACAGTTC...AGTGACTATCATTCTGAACTGAACATGAGCTCCTTGGAGCTGGGGGACTCAGCCCTGTACTTCTGTGCCAGCAGCTTAGG	GCTGCTGGAGTCATCCAGTCCCCAAGACATCTGATCAAAGAAAAGAGGGAAACAGCCACTCTGAAATGCTATCCTATCCCTAGACACGACACTGTCTACTGGTACCAGCAGGGTCCAGGTCAGGACCCCCAGTTCCTCATTTCGTTTTTTGAAAAGATGCAGAGCGATAAAGGAAGCATCCCTGATCGATTCTCAGCTCAACAGTTCAGTGACTATCATTCTGAACTGAACATGAGCTCCTTGGAGCTGGGGGACTCAGCCCTGTACTTCTGTGCCAGCAGCTTAGG			TRUE	TRUE
TRBV13*01_T158C	2	0	GCTGCTGGAGTCATCCAGTCCCCAAGACATCTGATCAAAGAAAAGAGGGAAACAGCCACTCTGAAATGCTATCCTATCCCTAGACAC.....................GACACTGTCTACTGGTACCAGCAGGGTCCAGGTCAGGACCCCCAGTTCCCCATTTCGTTTTATGAA............AAGATGCAGAGCGATAAAGGAAGCATCCCT...GATCGATTCTCAGCTCAACAGTTC...AGTGACTATCATTCTGAACTGAACATGAGCTCCTTGGAGCTGGGGGACTCAGCCCTGTACTTCTGTGCCAGCAGCTTAGG	GCTGCTGGAGTCATCCAGTCCCCAAGACATCTGATCAAAGAAAAGAGGGAAACAGCCACTCTGAAATGCTATCCTATCCCTAGACACGACACTGTCTACTGGTACCAGCAGGGTCCAGGTCAGGACCCCCAGTTCCCCATTTCGTTTTATGAAAAGATGCAGAGCGATAAAGGAAGCATCCCTGATCGATTCTCAGCTCAACAGTTCAGTGACTATCATTCTGAACTGAACATGAGCTCCTTGGAGCTGGGGGACTCAGCCCTGTACTTCTGTGCCAGCAGCTTAGG			TRUE	TRUE
TRBV15*02_G275A	1	0	GATGCCATGGTCATCCAGAACCCAAGATACCAGGTTACCCAGTTTGGAAAGCCAGTGACCCTGAGTTGTTCTCAGACTTTGAACCAT.....................AACGTCATGTACTGGTACCAGCAGAAGTCAAGTCAGGCCCCAAAGCTGCTGTTCCACTACTATGAC............AAAGATTTTAACAATGAAGCAGACACCCCT...GATAACTTCCAATCCAGGAGGCCG...AACACTTCTTTCTGCTTTCTTGACATCCACTCACCAGGCCTGGGGGACGCAGCCATGTACCTGTGTGCCACCAGCAGAGA	GATGCCATGGTCATCCAGAACCCAAGATACCAGGTTACCCAGTTTGGAAAGCCAGTGACCCTGAGTTGTTCTCAGACTTTGAACCATAACGTCATGTACTGGTACCAGCAGAAGTCAAGTCAGGCCCCAAAGCTGCTGTTCCACTACTATGACAAAGATTTTAACAATGAAGCAGACACCCCTGATAACTTCCAATCCAGGAGGCCGAACACTTCTTTCTGCTTTCTTGACATCCACTCACCAGGCCTGGGGGACGCAGCCATGTACCTGTGTGCCACCAGCAGAGA			FALSE	FALSE
TRBV19*01_A24G	6	8	GATGGTGGAATCACTCAGTCCCCGAAGTACCTGTTCAGAAAGGAAGGACAGAATGTGACCCTGAGTTGTGAACAGAATTTGAACCAC.....................GATGCCATGTACTGGTACCGACAGGACCCAGGGCAAGGGCTGAGATTGATCTACTACTCACAGATA............GTAAATGACTTTCAGAAAGGAGATATAGCT...GAAGGGTACAGCGTCTCTCGGGAG...AAGAAGGAATCCTTTCCTCTCACTGTGACATCGGCCCAAAAGAACCCGACAGCTTTCTATCTCTGTGCCAGTAGTATAGA	GATGGTGGAATCACTCAGTCCCCGAAGTACCTGTTCAGAAAGGAAGGACAGAATGTGACCCTGAGTTGTGAACAGAATTTGAACCACGATGCCATGTACTGGTACCGACAGGACCCAGGGCAAGGGCTGAGATTGATCTACTACTCACAGATAGTAAATGACTTTCAGAAAGGAGATATAGCTGAAGGGTACAGCGTCTCTCGGGAGAAGAAGGAATCCTTTCCTCTCACTGTGACATCGGCCCAAAAGAACCCGACAGCTTTCTATCTCTGTGCCAGTAGTATAGA	TRBV19_3	TRBV19*01_ag23	FALSE	FALSE
TRBV20-1*01_C142A	1	0	GGTGCTGTCGTCTCTCAACATCCGAGCTGGGTTATCTGTAAGAGTGGAACCTCTGTGAAGATCGAGTGCCGTTCCCTGGACTTTCAG..................GCCACAACTATGTTTTGGTATCGTCAGTTCCCGAAAAAGAGTCTCATGCTGATGGCAACTTCCAATGAGGGC.........TCCAAGGCCACATACGAGCAAGGCGTCGAGAAGGACAAGTTTCTCATCAACCATGCA...AGCCTGACCTTGTCCACTCTGACAGTGACCAGTGCCCATCCTGAAGACAGCAGCTTCTACATCTGCAGTGCTAGAGA	GGTGCTGTCGTCTCTCAACATCCGAGCTGGGTTATCTGTAAGAGTGGAACCTCTGTGAAGATCGAGTGCCGTTCCCTGGACTTTCAGGCCACAACTATGTTTTGGTATCGTCAGTTCCCGAAAAAGAGTCTCATGCTGATGGCAACTTCCAATGAGGGCTCCAAGGCCACATACGAGCAAGGCGTCGAGAAGGACAAGTTTCTCATCAACCATGCAAGCCTGACCTTGTCCACTCTGACAGTGACCAGTGCCCATCCTGAAGACAGCAGCTTCTACATCTGCAGTGCTAGAGA	TRBV20-1_4		TRUE	FALSE
TRBV29-1*01_A280C	0	2	AGTGCTGTCATCTCTCAAAAGCCAAGCAGGGATATCTGTCAACGTGGAACCTCCCTGACGATCCAGTGTCAAGTCGATAGCCAAGTC.....................ACCATGATGTTCTGGTACCGTCAGCAACCTGGACAGAGCCTGACACTGATCGCAACTGCAAATCAGGGC.........TCTGAGGCCACATATGAGAGTGGATTTGTCATTGACAAGTTTCCCATCAGCCGCCCA...AACCTAACATTCTCAACTCTGACTGTGAGCAACCTGAGCCCTGAAGACAGCAGCATATATCTCTGCAGCGTTGAAGA	AGTGCTGTCATCTCTCAAAAGCCAAGCAGGGATATCTGTCAACGTGGAACCTCCCTGACGATCCAGTGTCAAGTCGATAGCCAAGTCACCATGATGTTCTGGTACCGTCAGCAACCTGGACAGAGCCTGACACTGATCGCAACTGCAAATCAGGGCTCTGAGGCCACATATGAGAGTGGATTTGTCATTGACAAGTTTCCCATCAGCCGCCCAAACCTAACATTCTCAACTCTGACTGTGAGCAACCTGAGCCCTGAAGACAGCAGCATATATCTCTGCAGCGTTGAAGA	TRBV29-1_2	TRBV29-1*01_ac246	FALSE	FALSE
TRBV30*01_A113C	1	0	TCTCAGACTATTCATCAATGGCCAGCGACCCTGGTGCAGCCTGTGGGCAGCCCGCTCTCTCTGGAGTGCACTGTGGAGGGAACATCA..................AACCCCACCCTATACTGGTACCGACAGGCTGCAGGCAGGGGCCTCCAGCTGCTCTTCTACTCCGTTGGT...............ATTGGCCAGATCAGCTCTGAGGTGCCC...CAGAATCTCTCAGCCTCCAGACCC...CAGGACCGGCAGTTCATCCTGAGTTCTAAGAAGCTCCTTCTCAGTGACTCTGGCTTCTATCTCTGTGCCTGGAGTGT	TCTCAGACTATTCATCAATGGCCAGCGACCCTGGTGCAGCCTGTGGGCAGCCCGCTCTCTCTGGAGTGCACTGTGGAGGGAACATCAAACCCCACCCTATACTGGTACCGACAGGCTGCAGGCAGGGGCCTCCAGCTGCTCTTCTACTCCGTTGGTATTGGCCAGATCAGCTCTGAGGTGCCCCAGAATCTCTCAGCCTCCAGACCCCAGGACCGGCAGTTCATCCTGAGTTCTAAGAAGCTCCTTCTCAGTGACTCTGGCTTCTATCTCTGTGCCTGGAGTGT			FALSE	TRUE
TRBV4-1*01_C14T	0	2	GACACTGAAGTTATCCAGACACCAAAACACCTGGTCATGGGAATGACAAATAAGAAGTCTTTGAAATGTGAACAACATATGGGGCAC.....................AGGGCTATGTATTGGTACAAGCAGAAAGCTAAGAAGCCACCGGAGCTCATGTTTGTCTACAGCTAT............GAGAAACTCTCTATAAATGAAAGTGTGCCA...AGTCGCTTCTCACCTGAATGCCCC...AACAGCTCTCTCTTAAACCTTCACCTACACGCCCTGCAGCCAGAAGACTCAGCCCTGTATCTCTGCGCCAGCAGCCAAGA	GACACTGAAGTTATCCAGACACCAAAACACCTGGTCATGGGAATGACAAATAAGAAGTCTTTGAAATGTGAACAACATATGGGGCACAGGGCTATGTATTGGTACAAGCAGAAAGCTAAGAAGCCACCGGAGCTCATGTTTGTCTACAGCTATGAGAAACTCTCTATAAATGAAAGTGTGCCAAGTCGCTTCTCACCTGAATGCCCCAACAGCTCTCTCTTAAACCTTCACCTACACGCCCTGCAGCCAGAAGACTCAGCCCTGTATCTCTGCGCCAGCAGCCAAGA	TRBV4-1_6		FALSE	FALSE
TRBV4-3*01_C274T	0	1	GAAACGGGAGTTACGCAGACACCAAGACACCTGGTCATGGGAATGACAAATAAGAAGTCTTTGAAATGTGAACAACATCTGGGTCAT.....................AACGCTATGTATTGGTACAAGCAAAGTGCTAAGAAGCCACTGGAGCTCATGTTTGTCTACAGTCTT............GAAGAACGGGTTGAAAACAACAGTGTGCCA...AGTCGCTTCTCACCTGAATGCCCC...AACAGCTCTCACTTATTCCTTCACCTATACACCCTGCAGCCAGAAGACTCGGCCCTGTATCTCTGCGCCAGCAGCCAAGA	GAAACGGGAGTTACGCAGACACCAAGACACCTGGTCATGGGAATGACAAATAAGAAGTCTTTGAAATGTGAACAACATCTGGGTCATAACGCTATGTATTGGTACAAGCAAAGTGCTAAGAAGCCACTGGAGCTCATGTTTGTCTACAGTCTTGAAGAACGGGTTGAAAACAACAGTGTGCCAAGTCGCTTCTCACCTGAATGCCCCAACAGCTCTCACTTATTCCTTCACCTATACACCCTGCAGCCAGAAGACTCGGCCCTGTATCTCTGCGCCAGCAGCCAAGA			FALSE	FALSE
TRBV5-6*01_T284G	3	1	GACGCTGGAGTCACCCAAAGTCCCACACACCTGATCAAAACGAGAGGACAGCAAGTGACTCTGAGATGCTCTCCTAAGTCTGGGCAT.....................GACACTGTGTCCTGGTACCAACAGGCCCTGGGTCAGGGGCCCCAGTTTATCTTTCAGTATTATGAG............GAGGAAGAGAGACAGAGAGGCAACTTCCCT...GATCGATTCTCAGGTCACCAGTTC...CCTAACTATAGCTCTGAGCTGAATGTGAACGCCTTGTGGCTGGGGGACTCGGCCCTCTATCTCTGTGCCAGCAGCTTGG	GACGCTGGAGTCACCCAAAGTCCCACACACCTGATCAAAACGAGAGGACAGCAAGTGACTCTGAGATGCTCTCCTAAGTCTGGGCATGACACTGTGTCCTGGTACCAACAGGCCCTGGGTCAGGGGCCCCAGTTTATCTTTCAGTATTATGAGGAGGAAGAGAGACAGAGAGGCAACTTCCCTGATCGATTCTCAGGTCACCAGTTCCCTAACTATAGCTCTGAGCTGAATGTGAACGCCTTGTGGCTGGGGGACTCGGCCCTCTATCTCTGTGCCAGCAGCTTGG	TRBV5-6_4	TRBV5-6*01_tg244	FALSE	FALSE
TRBV5-8*01_C56T_C276T	7	1	GAGGCTGGAGTCACACAAAGTCCCACACACCTGATCAAAACGAGAGGACAGCAAGTGACTCTGAGATGCTCTCCTATCTCTGGGCAC.....................ACCAGTGTGTACTGGTACCAACAGGCCCTGGGTCTGGGCCTCCAGTTCCTCCTTTGGTATGACGAG............GGTGAAGAGAGAAACAGAGGAAACTTCCCT...CCTAGATTTTCAGGTCGCCAGTTC...CCTAATTATAGCTCTGAGCTGAATGTGAATGCCTTGGAGCTGGAGGACTCGGCCCTGTATCTCTGTGCCAGCAGCTTGG	GAGGCTGGAGTCACACAAAGTCCCACACACCTGATCAAAACGAGAGGACAGCAAGTGACTCTGAGATGCTCTCCTATCTCTGGGCACACCAGTGTGTACTGGTACCAACAGGCCCTGGGTCTGGGCCTCCAGTTCCTCCTTTGGTATGACGAGGGTGAAGAGAGAAACAGAGGAAACTTCCCTCCTAGATTTTCAGGTCGCCAGTTCCCTAATTATAGCTCTGAGCTGAATGTGAATGCCTTGGAGCTGGAGGACTCGGCCCTGTATCTCTGTGCCAGCAGCTTGG		TRBV5-8*01_ct55_ct236	FALSE	FALSE
TRBV6-23*01_G47A	1	0	AATGCTGGTGTCACTCAGACCCCAAAATTCCGGGTCCTGAAGACAGAACAGAGCATGACACTGCTGTGTGCCCAGGATATGAACCAT.....................GAATACATGTACTGGTATCGACAAGACCCAGGCATGGGGCTGAGGCTGATTCATTACTCAGTTGGT............GAGGGTACAACTGCCAAAGGAGAGGTCCCT...GATGGCTACAATGTCTCCAGATTA...AAAAAACAGAATTTCCTGCTGGGGTTGGAGTCGGCTGCTCCCTCCCAAACATCTGTGTACTTCTGTGCCAGCAGTTACTC	AATGCTGGTGTCACTCAGACCCCAAAATTCCGGGTCCTGAAGACAGAACAGAGCATGACACTGCTGTGTGCCCAGGATATGAACCATGAATACATGTACTGGTATCGACAAGACCCAGGCATGGGGCTGAGGCTGATTCATTACTCAGTTGGTGAGGGTACAACTGCCAAAGGAGAGGTCCCTGATGGCTACAATGTCTCCAGATTAAAAAAACAGAATTTCCTGCTGGGGTTGGAGTCGGCTGCTCCCTCCCAAACATCTGTGTACTTCTGTGCCAGCAGTTACTC			FALSE	FALSE
TRBV6-6*01_C261T	1	0	AATGCTGGTGTCACTCAGACCCCAAAATTCCGCATCCTGAAGATAGGACAGAGCATGACACTGCAGTGTACCCAGGATATGAACCAT.....................AACTACATGTACTGGTATCGACAAGACCCAGGCATGGGGCTGAAGCTGATTTATTATTCAGTTGGT............GCTGGTATCACTGATAAAGGAGAAGTCCCG...AATGGCTACAACGTCTCCAGATCA...ACCACAGAGGATTTTCCGCTCAGGCTGGAGTTGGCTGCTCCCTCCCAGACATCTGTGTACTTCTGTGCCAGCAGTTACTC	AATGCTGGTGTCACTCAGACCCCAAAATTCCGCATCCTGAAGATAGGACAGAGCATGACACTGCAGTGTACCCAGGATATGAACCATAACTACATGTACTGGTATCGACAAGACCCAGGCATGGGGCTGAAGCTGATTTATTATTCAGTTGGTGCTGGTATCACTGATAAAGGAGAAGTCCCGAATGGCTACAACGTCTCCAGATCAACCACAGAGGATTTTCCGCTCAGGCTGGAGTTGGCTGCTCCCTCCCAGACATCTGTGTACTTCTGTGCCAGCAGTTACTC			TRUE	FALSE
TRBV6-6*01_G264A	1	0	AATGCTGGTGTCACTCAGACCCCAAAATTCCGCATCCTGAAGATAGGACAGAGCATGACACTGCAGTGTACCCAGGATATGAACCAT.....................AACTACATGTACTGGTATCGACAAGACCCAGGCATGGGGCTGAAGCTGATTTATTATTCAGTTGGT............GCTGGTATCACTGATAAAGGAGAAGTCCCG...AATGGCTACAACGTCTCCAGATCA...ACCACAGAGGATTTCCCACTCAGGCTGGAGTTGGCTGCTCCCTCCCAGACATCTGTGTACTTCTGTGCCAGCAGTTACTC	AATGCTGGTGTCACTCAGACCCCAAAATTCCGCATCCTGAAGATAGGACAGAGCATGACACTGCAGTGTACCCAGGATATGAACCATAACTACATGTACTGGTATCGACAAGACCCAGGCATGGGGCTGAAGCTGATTTATTATTCAGTTGGTGCTGGTATCACTGATAAAGGAGAAGTCCCGAATGGCTACAACGTCTCCAGATCAACCACAGAGGATTTCCCACTCAGGCTGGAGTTGGCTGCTCCCTCCCAGACATCTGTGTACTTCTGTGCCAGCAGTTACTC			FALSE	FALSE
TRBV6-9*01_A303G	7	1	AATGCTGGTGTCACTCAGACCCCAAAATTCCACATCCTGAAGACAGGACAGAGCATGACACTGCAGTGTGCCCAGGATATGAACCAT.....................GGATACTTGTCCTGGTATCGACAAGACCCAGGCATGGGGCTGAGGCGCATTCATTACTCAGTTGCT............GCTGGTATCACTGACAAAGGAGAAGTCCCC...GATGGCTACAATGTATCCAGATCA...AACACAGAGGATTTCCCGCTCAGGCTGGAGTCAGCTGCTCCCTCCCAGACATCTGTGTACTTCTGTGCCAGCAGTTATTC	AATGCTGGTGTCACTCAGACCCCAAAATTCCACATCCTGAAGACAGGACAGAGCATGACACTGCAGTGTGCCCAGGATATGAACCATGGATACTTGTCCTGGTATCGACAAGACCCAGGCATGGGGCTGAGGCGCATTCATTACTCAGTTGCTGCTGGTATCACTGACAAAGGAGAAGTCCCCGATGGCTACAATGTATCCAGATCAAACACAGAGGATTTCCCGCTCAGGCTGGAGTCAGCTGCTCCCTCCCAGACATCTGTGTACTTCTGTGCCAGCAGTTATTC		TRBV6-9*01_ag263	FALSE	FALSE
TRBV7-3*01_G301A	0	3	GGTGCTGGAGTCTCCCAGACCCCCAGTAACAAGGTCACAGAGAAGGGAAAATATGTAGAGCTCAGGTGTGATCCAATTTCAGGTCAT.....................ACTGCCCTTTACTGGTACCGACAAAGCCTGGGGCAGGGCCCAGAGTTTCTAATTTACTTCCAAGGC............ACGGGTGCGGCAGATGACTCAGGGCTGCCCAACGATCGGTTCTTTGCAGTCAGGCCT...GAGGGATCCGTCTCTACTCTGAAGATCCAGCGCACAGAGCGGGGGGACTCAGCCATGTATCTCTGTGCCAGCAGCTTAAC	GGTGCTGGAGTCTCCCAGACCCCCAGTAACAAGGTCACAGAGAAGGGAAAATATGTAGAGCTCAGGTGTGATCCAATTTCAGGTCATACTGCCCTTTACTGGTACCGACAAAGCCTGGGGCAGGGCCCAGAGTTTCTAATTTACTTCCAAGGCACGGGTGCGGCAGATGACTCAGGGCTGCCCAACGATCGGTTCTTTGCAGTCAGGCCTGAGGGATCCGTCTCTACTCTGAAGATCCAGCGCACAGAGCGGGGGGACTCAGCCATGTATCTCTGTGCCAGCAGCTTAAC	TRBV7-3_5		FALSE	FALSE
TRBV7-6*01_G297A	0	1	GGTGCTGGAGTCTCCCAGTCTCCCAGGTACAAAGTCACAAAGAGGGGACAGGATGTAGCTCTCAGGTGTGATCCAATTTCGGGTCAT.....................GTATCCCTTTATTGGTACCGACAGGCCCTGGGGCAGGGCCCAGAGTTTCTGACTTACTTCAATTAT............GAAGCCCAACAAGACAAATCAGGGCTGCCCAATGATCGGTTCTCTGCAGAGAGGCCT...GAGGGATCCATCTCCACTCTGACGATCCAGCGCACAGAGCAGCGGGACTCAGCCATGTATCGCTGTGCCAGCAGCTTAGC	GGTGCTGGAGTCTCCCAGTCTCCCAGGTACAAAGTCACAAAGAGGGGACAGGATGTAGCTCTCAGGTGTGATCCAATTTCGGGTCATGTATCCCTTTATTGGTACCGACAGGCCCTGGGGCAGGGCCCAGAGTTTCTGACTTACTTCAATTATGAAGCCCAACAAGACAAATCAGGGCTGCCCAATGATCGGTTCTCTGCAGAGAGGCCTGAGGGATCCATCTCCACTCTGACGATCCAGCGCACAGAGCAGCGGGACTCAGCCATGTATCGCTGTGCCAGCAGCTTAGC			FALSE	FALSE
TRBV7-7*01_C315T	17	11	GGTGCTGGAGTCTCCCAGTCTCCCAGGTACAAAGTCACAAAGAGGGGACAGGATGTAACTCTCAGGTGTGATCCAATTTCGAGTCAT.....................GCAACCCTTTATTGGTATCAACAGGCCCTGGGGCAGGGCCCAGAGTTTCTGACTTACTTCAATTAT............GAAGCTCAACCAGACAAATCAGGGCTGCCCAGTGATCGGTTCTCTGCAGAGAGGCCT...GAGGGATCCATCTCCACTCTGACGATTCAGCGCACAGAGCAGCGGGACTCAGCCATGTATCGCTGTGCTAGCAGCTTAGC	GGTGCTGGAGTCTCCCAGTCTCCCAGGTACAAAGTCACAAAGAGGGGACAGGATGTAACTCTCAGGTGTGATCCAATTTCGAGTCATGCAACCCTTTATTGGTATCAACAGGCCCTGGGGCAGGGCCCAGAGTTTCTGACTTACTTCAATTATGAAGCTCAACCAGACAAATCAGGGCTGCCCAGTGATCGGTTCTCTGCAGAGAGGCCTGAGGGATCCATCTCCACTCTGACGATTCAGCGCACAGAGCAGCGGGACTCAGCCATGTATCGCTGTGCTAGCAGCTTAGC	TRBV7-7_2		FALSE	FALSE
